<?xml version="1.0" encoding="UTF-8"?>

<!--
  ~ /*
  ~ MariaDB Client for Java
  ~
  ~ Copyright (c) 2012-2014 Monty Program Ab.
  ~ Copyright (c) 2015-2020 MariaDB Corporation Ab.
  ~
  ~ This library is free software; you can redistribute it and/or modify it under
  ~ the terms of the GNU Lesser General Public License as published by the Free
  ~ Software Foundation; either version 2.1 of the License, or (at your option)
  ~ any later version.
  ~
  ~ This library is distributed in the hope that it will be useful, but
  ~ WITHOUT ANY WARRANTY; without even the implied warranty of MERCHANTABILITY or
  ~ FITNESS FOR A PARTICULAR PURPOSE.  See the GNU Lesser General Public License
  ~ for more details.
  ~
  ~ You should have received a copy of the GNU Lesser General Public License along
  ~ with this library; if not, write to Monty Program Ab info@montyprogram.com.
  ~
  ~ This particular MariaDB Client for Java file is work
  ~ derived from a Drizzle-JDBC. Drizzle-JDBC file which is covered by subject to
  ~ the following copyright and notice provisions:
  ~
  ~ Copyright (c) 2009-2011, Marcus Eriksson
  ~
  ~ Redistribution and use in source and binary forms, with or without modification,
  ~ are permitted provided that the following conditions are met:
  ~ Redistributions of source code must retain the above copyright notice, this list
  ~ of conditions and the following disclaimer.
  ~
  ~ Redistributions in binary form must reproduce the above copyright notice, this
  ~ list of conditions and the following disclaimer in the documentation and/or
  ~ other materials provided with the distribution.
  ~
  ~ Neither the name of the driver nor the names of its contributors may not be
  ~ used to endorse or promote products derived from this software without specific
  ~ prior written permission.
  ~
  ~ THIS SOFTWARE IS PROVIDED BY THE COPYRIGHT HOLDERS  AND CONTRIBUTORS "AS IS"
  ~ AND ANY EXPRESS OR IMPLIED WARRANTIES, INCLUDING, BUT NOT LIMITED TO, THE IMPLIED
  ~ WARRANTIES OF MERCHANTABILITY AND FITNESS FOR A PARTICULAR PURPOSE ARE DISCLAIMED.
  ~ IN NO EVENT SHALL THE COPYRIGHT HOLDER OR CONTRIBUTORS BE LIABLE FOR ANY DIRECT,
  ~ INDIRECT, INCIDENTAL, SPECIAL, EXEMPLARY, OR CONSEQUENTIAL DAMAGES (INCLUDING, BUT
  ~ NOT LIMITED TO, PROCUREMENT OF SUBSTITUTE GOODS OR SERVICES; LOSS OF USE, DATA, OR
  ~ PROFITS; OR BUSINESS INTERRUPTION) HOWEVER CAUSED AND ON ANY THEORY OF LIABILITY,
  ~ WHETHER IN CONTRACT, STRICT LIABILITY, OR TORT (INCLUDING NEGLIGENCE OR OTHERWISE)
  ~ ARISING IN ANY WAY OUT OF THE USE OF THIS SOFTWARE, EVEN IF ADVISED OF THE POSSIBILITY
  ~ OF SUCH DAMAGE.
  ~ */
  -->

<!-- ====================================================================== -->
<!-- Ant build file (http://ant.apache.org/) for Ant 1.6.2 or above.        -->
<!-- ====================================================================== -->

<!-- ====================================================================== -->
<!-- ===================== - DO NOT EDIT THIS FILE! - ===================== -->
<!-- ====================================================================== -->
<!--                                                                        -->
<!-- Any modifications will be overwritten.                                 -->
<!--                                                                        -->
<!-- Generated by Maven Ant Plugin on 7/13/15 10:05 PM                      -->
<!-- See: http://maven.apache.org/plugins/maven-ant-plugin/                 -->
<!--                                                                        -->
<!-- ====================================================================== -->

<project name="mariadb-java-client-from-maven" default="package" basedir=".">

  <!-- ====================================================================== -->
  <!-- Build environment properties                                           -->
  <!-- ====================================================================== -->

  <property file="${user.home}/.m2/maven.properties"/>
  <property file="maven-build.properties"/>

  <property name="maven.build.finalName" value="mariadb-java-client-1.2.0-SNAPSHOT"/>
  <property name="maven.build.dir" value="target"/>
  <property name="maven.build.outputDir" value="${maven.build.dir}/classes"/>
  <property name="maven.build.srcDir.0" value="src/main/java"/>
  <property name="maven.build.resourceDir.0" value="src/main/resources"/>
  <property name="maven.build.testOutputDir" value="${maven.build.dir}/test-classes"/>
  <property name="maven.build.testDir.0" value="src/test/java"/>
  <property name="maven.build.testResourceDir.0" value="src/test/resources"/>
  <property name="maven.test.reports" value="${maven.build.dir}/test-reports"/>
  <property name="maven.reporting.outputDirectory" value="${maven.build.dir}/site"/>

  <property name="maven.repo.local" value="${user.home}/.m2/repository"/>
  <property name="maven.settings.offline" value="false"/>
  <property name="maven.settings.interactiveMode" value="true"/>

  <!-- ====================================================================== -->
  <!-- Defining classpaths                                                    -->
  <!-- ====================================================================== -->

  <path id="build.classpath">
    <pathelement location="${maven.repo.local}/net/java/dev/jna/jna/3.3.0/jna-3.3.0.jar"/>
    <pathelement location="${maven.repo.local}/net/java/dev/jna/jna/3.3.0/jna-3.3.0-platform.jar"/>
    <pathelement location="${maven.repo.local}/commons-dbcp/commons-dbcp/1.4/commons-dbcp-1.4.jar"/>
    <pathelement
      location="${maven.repo.local}/commons-pool/commons-pool/1.5.4/commons-pool-1.5.4.jar"/>
  </path>
  <path id="build.test.classpath">
    <pathelement location="${maven.repo.local}/junit/junit/4.12/junit-4.12.jar"/>
    <pathelement
      location="${maven.repo.local}/org/hamcrest/hamcrest-core/1.3/hamcrest-core-1.3.jar"/>
    <pathelement location="${maven.repo.local}/net/java/dev/jna/jna/3.3.0/jna-3.3.0.jar"/>
    <pathelement location="${maven.repo.local}/net/java/dev/jna/jna/3.3.0/jna-3.3.0-platform.jar"/>
    <pathelement location="${maven.repo.local}/commons-dbcp/commons-dbcp/1.4/commons-dbcp-1.4.jar"/>
    <pathelement
      location="${maven.repo.local}/commons-pool/commons-pool/1.5.4/commons-pool-1.5.4.jar"/>
  </path>

  <!-- ====================================================================== -->
  <!-- Cleaning up target                                                     -->
  <!-- ====================================================================== -->

  <target name="clean" description="Clean the output directory">
    <delete dir="${maven.build.dir}"/>
  </target>

  <!-- ====================================================================== -->
  <!-- Compilation target                                                     -->
  <!-- ====================================================================== -->

  <target name="compile" depends="get-deps" description="Compile the code">
    <mkdir dir="${maven.build.outputDir}"/>
    <javac destdir="${maven.build.outputDir}"
           nowarn="false"
           debug="true"
           optimize="false"
           deprecation="true"
           target="1.7"
           verbose="false"
           fork="false"
           source="1.7">
      <src>
        <pathelement location="${maven.build.srcDir.0}"/>
      </src>
      <classpath refid="build.classpath"/>
    </javac>
    <copy todir="${maven.build.outputDir}">
      <fileset dir="${maven.build.resourceDir.0}"/>
    </copy>
  </target>

  <!-- ====================================================================== -->
  <!-- Test-compilation target                                                -->
  <!-- ====================================================================== -->

  <target name="compile-tests"
          depends="compile"
          description="Compile the test code"
          unless="maven.test.skip">
    <mkdir dir="${maven.build.testOutputDir}"/>
    <javac destdir="${maven.build.testOutputDir}"
           nowarn="false"
           debug="true"
           optimize="false"
           deprecation="true"
           target="1.7"
           verbose="false"
           fork="false"
           source="1.7">
      <src>
        <pathelement location="${maven.build.testDir.0}"/>
      </src>
      <classpath>
        <path refid="build.test.classpath"/>
        <pathelement location="${maven.build.outputDir}"/>
      </classpath>
    </javac>
    <copy todir="${maven.build.testOutputDir}">
      <fileset dir="${maven.build.testResourceDir.0}"/>
    </copy>
  </target>

  <!-- ====================================================================== -->
  <!-- Run all tests                                                          -->
  <!-- ====================================================================== -->

  <target name="test"
          depends="compile-tests, junit-missing"
          unless="junit.skipped"
          description="Run the test cases">
    <mkdir dir="${maven.test.reports}"/>
    <junit printSummary="yes" haltonerror="true" haltonfailure="true" fork="true" dir=".">
      <sysproperty key="basedir" value="."/>
      <formatter type="xml"/>
      <formatter type="plain" usefile="false"/>
      <classpath>
        <path refid="build.test.classpath"/>
        <pathelement location="${maven.build.outputDir}"/>
        <pathelement location="${maven.build.testOutputDir}"/>
      </classpath>
      <batchtest todir="${maven.test.reports}" unless="test">
        <fileset dir="${maven.build.testDir.0}">
          <include name="**/Test*.java"/>
          <include name="**/*Test.java"/>
          <include name="**/*TestCase.java"/>
          <exclude name="**/*Abstract*Test.java"/>
        </fileset>
      </batchtest>
      <batchtest todir="${maven.test.reports}" if="test">
        <fileset dir="${maven.build.testDir.0}">
          <include name="**/${test}.java"/>
          <exclude name="**/*Abstract*Test.java"/>
        </fileset>
      </batchtest>
    </junit>
  </target>

  <target name="test-junit-present">
    <available classname="junit.framework.Test" property="junit.present"
               classpathref="build.test.classpath"/>
  </target>

  <target name="test-junit-status"
          depends="test-junit-present">
    <condition property="junit.missing">
      <and>
        <isfalse value="${junit.present}"/>
        <isfalse value="${maven.test.skip}"/>
      </and>
    </condition>
    <condition property="junit.skipped">
      <or>
        <isfalse value="${junit.present}"/>
        <istrue value="${maven.test.skip}"/>
      </or>
    </condition>
  </target>

  <target name="junit-missing"
          depends="test-junit-status"
          if="junit.missing">
    <echo>=================================== WARNING ===================================</echo>
    <echo>JUnit is not present in the test classpath or your $ANT_HOME/lib directory. Tests not
      executed.
    </echo>
    <echo>===============================================================================</echo>
  </target>

  <!-- ====================================================================== -->
  <!-- Javadoc target                                                         -->
  <!-- ====================================================================== -->

  <target name="javadoc" description="Generates the Javadoc of the application">
    <javadoc sourcepath="${maven.build.srcDir.0}"
             packagenames="*"
             destdir="${maven.reporting.outputDirectory}/apidocs"
             access="protected"
             old="false"
             verbose="false"
             version="true"
             use="true"
             author="true"
             splitindex="false"
             nodeprecated="false"
             nodeprecatedlist="false"
             notree="false"
             noindex="false"
             nohelp="false"
             nonavbar="false"
             serialwarn="false"
             charset="ISO-8859-1"
             linksource="false"
             breakiterator="false"/>
  </target>

  <!-- ====================================================================== -->
  <!-- Package target                                                         -->
  <!-- ====================================================================== -->

  <target name="package" depends="compile,test" description="Package the application">
    <jar jarfile="${maven.build.dir}/${maven.build.finalName}.jar"
         compress="true"
         index="false"
         manifest="src/main/resources/META-INF/MANIFEST.MF"
         basedir="${maven.build.outputDir}"
         excludes="**/package.html"/>
  </target>

  <!-- ====================================================================== -->
  <!-- A dummy target for the package named after the type it creates         -->
  <!-- ====================================================================== -->

  <target name="jar" depends="package" description="Builds the jar for the application"/>

  <!-- ====================================================================== -->
  <!-- Download dependencies target                                           -->
  <!-- ====================================================================== -->

  <target name="test-offline">
    <condition property="maven.mode.offline">
      <equals arg1="${maven.settings.offline}" arg2="true"/>
    </condition>
  </target>

  <target name="get-deps"
          depends="test-offline"
          description="Download all dependencies"
          unless="maven.mode.offline">
    <mkdir dir="${maven.repo.local}"/>
    <mkdir dir="${maven.repo.local}/junit/junit/4.12"/>
    <get
      src="https://oss.sonatype.org/content/repositories/snapshots/junit/junit/4.12/junit-4.12.jar"
      dest="${maven.repo.local}/junit/junit/4.12/junit-4.12.jar"
      usetimestamp="false"
      ignoreerrors="true"/>
    <get src="https://repo.maven.apache.org/maven2/junit/junit/4.12/junit-4.12.jar"
         dest="${maven.repo.local}/junit/junit/4.12/junit-4.12.jar"
         usetimestamp="false"
         ignoreerrors="true"/>
    <mkdir dir="${maven.repo.local}/org/hamcrest/hamcrest-core/1.3"/>
    <get
      src="https://oss.sonatype.org/content/repositories/snapshots/org/hamcrest/hamcrest-core/1.3/hamcrest-core-1.3.jar"
      dest="${maven.repo.local}/org/hamcrest/hamcrest-core/1.3/hamcrest-core-1.3.jar"
      usetimestamp="false"
      ignoreerrors="true"/>
    <get
      src="https://repo.maven.apache.org/maven2/org/hamcrest/hamcrest-core/1.3/hamcrest-core-1.3.jar"
      dest="${maven.repo.local}/org/hamcrest/hamcrest-core/1.3/hamcrest-core-1.3.jar"
      usetimestamp="false"
      ignoreerrors="true"/>
    <mkdir dir="${maven.repo.local}/net/java/dev/jna/jna/3.3.0"/>
    <get
      src="https://oss.sonatype.org/content/repositories/snapshots/net/java/dev/jna/jna/3.3.0/jna-3.3.0.jar"
      dest="${maven.repo.local}/net/java/dev/jna/jna/3.3.0/jna-3.3.0.jar"
      usetimestamp="false"
      ignoreerrors="true"/>
    <get src="https://repo.maven.apache.org/maven2/net/java/dev/jna/jna/3.3.0/jna-3.3.0.jar"
         dest="${maven.repo.local}/net/java/dev/jna/jna/3.3.0/jna-3.3.0.jar"
         usetimestamp="false"
         ignoreerrors="true"/>
    <mkdir dir="${maven.repo.local}/net/java/dev/jna/jna/3.3.0"/>
    <get
      src="https://oss.sonatype.org/content/repositories/snapshots/net/java/dev/jna/jna/3.3.0/jna-3.3.0-platform.jar"
      dest="${maven.repo.local}/net/java/dev/jna/jna/3.3.0/jna-3.3.0-platform.jar"
      usetimestamp="false"
      ignoreerrors="true"/>
    <get
      src="https://repo.maven.apache.org/maven2/net/java/dev/jna/jna/3.3.0/jna-3.3.0-platform.jar"
      dest="${maven.repo.local}/net/java/dev/jna/jna/3.3.0/jna-3.3.0-platform.jar"
      usetimestamp="false"
      ignoreerrors="true"/>
    <mkdir dir="${maven.repo.local}/commons-dbcp/commons-dbcp/1.4"/>
    <get
      src="https://oss.sonatype.org/content/repositories/snapshots/commons-dbcp/commons-dbcp/1.4/commons-dbcp-1.4.jar"
      dest="${maven.repo.local}/commons-dbcp/commons-dbcp/1.4/commons-dbcp-1.4.jar"
      usetimestamp="false"
      ignoreerrors="true"/>
    <get
      src="https://repo.maven.apache.org/maven2/commons-dbcp/commons-dbcp/1.4/commons-dbcp-1.4.jar"
      dest="${maven.repo.local}/commons-dbcp/commons-dbcp/1.4/commons-dbcp-1.4.jar"
      usetimestamp="false"
      ignoreerrors="true"/>
    <mkdir dir="${maven.repo.local}/commons-pool/commons-pool/1.5.4"/>
    <get
      src="https://oss.sonatype.org/content/repositories/snapshots/commons-pool/commons-pool/1.5.4/commons-pool-1.5.4.jar"
      dest="${maven.repo.local}/commons-pool/commons-pool/1.5.4/commons-pool-1.5.4.jar"
      usetimestamp="false"
      ignoreerrors="true"/>
    <get
      src="https://repo.maven.apache.org/maven2/commons-pool/commons-pool/1.5.4/commons-pool-1.5.4.jar"
      dest="${maven.repo.local}/commons-pool/commons-pool/1.5.4/commons-pool-1.5.4.jar"
      usetimestamp="false"
      ignoreerrors="true"/>
  </target>

</project>
